frame,yaw_deg,points_total,points_inside_image,inside_image_pct,projected_points_in_2d_boxes,projected_points_pct_in_2d_boxes,annotated_box_area_pct
000001,0.0,120268,18630,15.490404762696643,115,0.6172839506172839,0.4613174020397212
000001,1.0,120268,18630,15.490404762696643,75,0.4025764895330113,0.4613174020397212
000001,2.0,120268,18633,15.492899191804968,43,0.2307733590940804,0.4613174020397212
000004,0.0,115976,19063,16.437021452714355,174,0.9127629439227823,0.6041127214170694
000004,1.0,115976,19032,16.410291784507137,156,0.819672131147541,0.6041127214170694
000004,2.0,115976,18975,16.361143684900327,154,0.8115942028985508,0.6041127214170694
000007,0.0,122798,19423,15.817032850697894,307,1.580600319209185,0.9986615566290922
000007,1.0,122798,19388,15.788530757829932,310,1.5989271714462554,0.9986615566290922
000007,2.0,122798,19236,15.664750240231925,314,1.6323559991682262,0.9986615566290922
000008,0.0,122555,17238,14.065521602545797,9265,53.747534516765285,42.85299566290928
000008,1.0,122555,17316,14.129166496674964,9372,54.123354123354126,42.85299566290928
000008,2.0,122555,17384,14.184651788992698,9483,54.55016106764841,42.85299566290928
000009,0.0,123928,19411,15.663126976954361,246,1.267322652104477,0.8074634675254958
000009,1.0,123928,19395,15.650216254599444,238,1.2271203918535705,0.8074634675254958
000009,2.0,123928,19381,15.638919372538892,236,1.2176874258294206,0.8074634675254958
